id,topic,text,imagePath,timestamp
1,"Запись 1","Такое вот тут сообщение какое-то",609b02dfc59f6,"2021-05-11 20:19:11"
2,"Запись 2","Ну тут еще такое вот сообщение",609b9e9603aa4,"2021-05-12 07:23:34"
3,"Запись 3","Ну да, такое вот тут это сообщение",609b9f4d3e3bc,"2021-05-12 06:26:37"
4,"Запись 4","45н 45н 54н ",NULL,"2021-05-12 09:33:45"
5,"Запись 5","EGjwi nwjkgn weon KUGNekjgn kwneg uk",609bb39016d28,"2021-05-12 15:53:04"
6,"Запись 6","ergerg erj rj ngkje",609c1378eb335,"2021-05-12 17:42:16"
7,"Запись 7","Такая вот тут какая-то "запись" 7",609c3a7e1a4af,"2021-05-12 22:28:46"
8,"Запись 8","Тут еще одно сообщение такое вот",609c491968aba,"2021-05-12 01:31:05"
9,"Запись 9","Ну тут еще одна запись, тож какая-то",NULL,"2018-05-12 03:31:43"
10,"Запись 10","Такое вот тут сообщение какое-то",609b02dfc59f6,"2015-05-13 02:55:27"
11,"Запись 11","Ну тут еще такое вот сообщение",609b9e9603aa4,"2014-05-13 10:55:34"
12,"Запись 12","Ну да, такое вот тут это сообщение",609b9f4d3e3bc,"2021-05-13 23:55:34"
13,"Запись 13","45н 45н 54н ",NULL,"2021-05-13 18:55:34"
14,"Запись 14","EGjwi nwjkgn weon KUGNekjgn kwneg uk",609bb39016d28,"2021-05-13 11:55:34"
15,"Запись 15","ergerg erj rj ngkje",609c1378eb335,"2021-05-13 18:55:34"
16,"Запись 16","Такая вот тут какая-то запись" 7"",609c3a7e1a4af,"2021-05-13 15:55:34"
17,"Запись 17","Тут еще одно сообщение такое вот",609c491968aba,"2021-05-13 12:55:34"
18,"Запись 18","Ну тут еще одна запись, тож какая-то",NULL,"2021-05-13 16:55:34"
